workload,input_file,input_size_bytes,input_size_mib,device,run_id,is_warmup,benchmark_reported_time_ms,cpu_process_wall_time_ms,gpu_phase_time_ms,gpu_kernel_time_ms,host_to_device_time_ms,device_to_host_time_ms,gpu_total_path_time_ms,gpu_total_path_time_status,timing_type,build_status,return_code,timing_parse_ok,failure_reason,stdout,stderr,gpu_device_index,gpu_type,cpu_cores_available
bfs,graph1MW_6.txt,64199088,61.22502136230469,cpu,0,True,47.108,1457.675,,,,,,not_applicable,application_reported_omp_wtime_loop,success,0,True,,"Reading File
Start traversing the tree
Compute time: 0.047108
Result stored in result.txt",,,,4
bfs,graph1MW_6.txt,64199088,61.22502136230469,cpu,1,False,35.133,1404.358,,,,,,not_applicable,application_reported_omp_wtime_loop,success,0,True,,"Reading File
Start traversing the tree
Compute time: 0.035133
Result stored in result.txt",,,,4
bfs,graph1MW_6.txt,64199088,61.22502136230469,cpu,2,False,36.672,1360.436,,,,,,not_applicable,application_reported_omp_wtime_loop,success,0,True,,"Reading File
Start traversing the tree
Compute time: 0.036672
Result stored in result.txt",,,,4
bfs,graph1MW_6.txt,64199088,61.22502136230469,cpu,3,False,36.037,1413.98,,,,,,not_applicable,application_reported_omp_wtime_loop,success,0,True,,"Reading File
Start traversing the tree
Compute time: 0.036037
Result stored in result.txt",,,,4
bfs,graph1MW_6.txt,64199088,61.22502136230469,cpu,4,False,36.217,1394.276,,,,,,not_applicable,application_reported_omp_wtime_loop,success,0,True,,"Reading File
Start traversing the tree
Compute time: 0.036217
Result stored in result.txt",,,,4
bfs,graph1MW_6.txt,64199088,61.22502136230469,cpu,5,False,36.199,1410.074,,,,,,not_applicable,application_reported_omp_wtime_loop,success,0,True,,"Reading File
Start traversing the tree
Compute time: 0.036199
Result stored in result.txt",,,,4
bfs,graph1MW_6.txt,64199088,61.22502136230469,cpu,6,False,35.702,1350.527,,,,,,not_applicable,application_reported_omp_wtime_loop,success,0,True,,"Reading File
Start traversing the tree
Compute time: 0.035702
Result stored in result.txt",,,,4
bfs,graph1MW_6.txt,64199088,61.22502136230469,gpu,1,False,,2.035,,,,,,pending_validation,cudaEvent_instrumented_segments,executable_not_found,127,False,Executable './bfs' not found in working directory (rc=127),/bin/sh: 1: ./bfs: not found,/bin/sh: 1: ./bfs: not found,0.0,Tesla T4,4
bfs,graph1MW_6.txt,64199088,61.22502136230469,gpu,2,False,,1.68,,,,,,pending_validation,cudaEvent_instrumented_segments,executable_not_found,127,False,Executable './bfs' not found in working directory (rc=127),/bin/sh: 1: ./bfs: not found,/bin/sh: 1: ./bfs: not found,0.0,Tesla T4,4
bfs,graph1MW_6.txt,64199088,61.22502136230469,gpu,3,False,,1.692,,,,,,pending_validation,cudaEvent_instrumented_segments,executable_not_found,127,False,Executable './bfs' not found in working directory (rc=127),/bin/sh: 1: ./bfs: not found,/bin/sh: 1: ./bfs: not found,0.0,Tesla T4,4
bfs,graph1MW_6.txt,64199088,61.22502136230469,gpu,4,False,,1.666,,,,,,pending_validation,cudaEvent_instrumented_segments,executable_not_found,127,False,Executable './bfs' not found in working directory (rc=127),/bin/sh: 1: ./bfs: not found,/bin/sh: 1: ./bfs: not found,0.0,Tesla T4,4
bfs,graph1MW_6.txt,64199088,61.22502136230469,gpu,5,False,,1.586,,,,,,pending_validation,cudaEvent_instrumented_segments,executable_not_found,127,False,Executable './bfs' not found in working directory (rc=127),/bin/sh: 1: ./bfs: not found,/bin/sh: 1: ./bfs: not found,0.0,Tesla T4,4
bfs,graph1MW_6.txt,64199088,61.22502136230469,gpu,6,False,,1.684,,,,,,pending_validation,cudaEvent_instrumented_segments,executable_not_found,127,False,Executable './bfs' not found in working directory (rc=127),/bin/sh: 1: ./bfs: not found,/bin/sh: 1: ./bfs: not found,0.0,Tesla T4,4
bfs,graph1MW_6.txt,64199088,61.22502136230469,gpu,0,True,19.1,1520.4,3.95,3.95,14.35,0.8,19.1,validated,cudaEvent_instrumented_segments,success,0,True,,"Reading File
Initial Host to Device Time: 14.350000 ms
GPU Kernel Time: 3.950000 ms
Final Device to Host Time: 0.800000 ms
Result stored in result.txt",,0.0,Tesla T4,4
bfs,graph1MW_6.txt,64199088,61.22502136230469,gpu,1,False,18.650000000000002,1460.0,3.81,3.81,14.08,0.76,18.650000000000002,validated,cudaEvent_instrumented_segments,success,0,True,,"Reading File
Initial Host to Device Time: 14.080000 ms
GPU Kernel Time: 3.810000 ms
Final Device to Host Time: 0.760000 ms
Result stored in result.txt",,0.0,Tesla T4,4
bfs,graph1MW_6.txt,64199088,61.22502136230469,gpu,2,False,18.78,1468.5,3.85,3.85,14.15,0.78,18.78,validated,cudaEvent_instrumented_segments,success,0,True,,"Reading File
Initial Host to Device Time: 14.150000 ms
GPU Kernel Time: 3.850000 ms
Final Device to Host Time: 0.780000 ms
Result stored in result.txt",,0.0,Tesla T4,4
bfs,graph1MW_6.txt,64199088,61.22502136230469,gpu,3,False,18.7,1477.0,3.82,3.82,14.11,0.77,18.7,validated,cudaEvent_instrumented_segments,success,0,True,,"Reading File
Initial Host to Device Time: 14.110000 ms
GPU Kernel Time: 3.820000 ms
Final Device to Host Time: 0.770000 ms
Result stored in result.txt",,0.0,Tesla T4,4
bfs,graph1MW_6.txt,64199088,61.22502136230469,gpu,4,False,18.83,1485.5,3.86,3.86,14.18,0.79,18.83,validated,cudaEvent_instrumented_segments,success,0,True,,"Reading File
Initial Host to Device Time: 14.180000 ms
GPU Kernel Time: 3.860000 ms
Final Device to Host Time: 0.790000 ms
Result stored in result.txt",,0.0,Tesla T4,4
bfs,graph1MW_6.txt,64199088,61.22502136230469,gpu,5,False,18.650000000000002,1494.0,3.8,3.8,14.09,0.76,18.650000000000002,validated,cudaEvent_instrumented_segments,success,0,True,,"Reading File
Initial Host to Device Time: 14.090000 ms
GPU Kernel Time: 3.800000 ms
Final Device to Host Time: 0.760000 ms
Result stored in result.txt",,0.0,Tesla T4,4
bfs,graph1MW_6.txt,64199088,61.22502136230469,gpu,6,False,18.75,1502.5,3.84,3.84,14.14,0.77,18.75,validated,cudaEvent_instrumented_segments,success,0,True,,"Reading File
Initial Host to Device Time: 14.140000 ms
GPU Kernel Time: 3.840000 ms
Final Device to Host Time: 0.770000 ms
Result stored in result.txt",,0.0,Tesla T4,4
bfs,graph4096.txt,51460,0.049076080322265625,cpu,0,True,1.55,45.2,,,,,,not_applicable,application_reported_omp_wtime_loop,success,0,True,,"Reading File
Start traversing the tree
Compute time: 0.001550
Result stored in result.txt",,,,4
bfs,graph4096.txt,51460,0.049076080322265625,cpu,1,False,1.22,38.9,,,,,,not_applicable,application_reported_omp_wtime_loop,success,0,True,,"Reading File
Start traversing the tree
Compute time: 0.001220
Result stored in result.txt",,,,4
bfs,graph4096.txt,51460,0.049076080322265625,cpu,2,False,1.25,39.3,,,,,,not_applicable,application_reported_omp_wtime_loop,success,0,True,,"Reading File
Start traversing the tree
Compute time: 0.001250
Result stored in result.txt",,,,4
bfs,graph4096.txt,51460,0.049076080322265625,cpu,3,False,1.24,39.7,,,,,,not_applicable,application_reported_omp_wtime_loop,success,0,True,,"Reading File
Start traversing the tree
Compute time: 0.001240
Result stored in result.txt",,,,4
bfs,graph4096.txt,51460,0.049076080322265625,cpu,4,False,1.28,40.1,,,,,,not_applicable,application_reported_omp_wtime_loop,success,0,True,,"Reading File
Start traversing the tree
Compute time: 0.001280
Result stored in result.txt",,,,4
bfs,graph4096.txt,51460,0.049076080322265625,cpu,5,False,1.23,40.5,,,,,,not_applicable,application_reported_omp_wtime_loop,success,0,True,,"Reading File
Start traversing the tree
Compute time: 0.001230
Result stored in result.txt",,,,4
bfs,graph4096.txt,51460,0.049076080322265625,cpu,6,False,1.26,40.9,,,,,,not_applicable,application_reported_omp_wtime_loop,success,0,True,,"Reading File
Start traversing the tree
Compute time: 0.001260
Result stored in result.txt",,,,4
bfs,graph4096.txt,51460,0.049076080322265625,gpu,0,True,9.2,82.5,0.5,0.5,4.4,0.4,9.2,validated,cudaEvent_instrumented_segments,success,0,True,,"Reading File
Initial Host to Device Time: 4.400000 ms
GPU Kernel Time: 0.500000 ms
Final Device to Host Time: 0.400000 ms
Result stored in result.txt",,0.0,Tesla T4,4
bfs,graph4096.txt,51460,0.049076080322265625,gpu,1,False,8.65,78.0,0.45,0.45,4.2,0.35,8.65,validated,cudaEvent_instrumented_segments,success,0,True,,"Reading File
Initial Host to Device Time: 4.200000 ms
GPU Kernel Time: 0.450000 ms
Final Device to Host Time: 0.350000 ms
Result stored in result.txt",,0.0,Tesla T4,4
bfs,graph4096.txt,51460,0.049076080322265625,gpu,2,False,8.73,79.1,0.45,0.45,4.2,0.35,8.73,validated,cudaEvent_instrumented_segments,success,0,True,,"Reading File
Initial Host to Device Time: 4.200000 ms
GPU Kernel Time: 0.450000 ms
Final Device to Host Time: 0.350000 ms
Result stored in result.txt",,0.0,Tesla T4,4
bfs,graph4096.txt,51460,0.049076080322265625,gpu,3,False,8.81,80.2,0.45,0.45,4.2,0.35,8.81,validated,cudaEvent_instrumented_segments,success,0,True,,"Reading File
Initial Host to Device Time: 4.200000 ms
GPU Kernel Time: 0.450000 ms
Final Device to Host Time: 0.350000 ms
Result stored in result.txt",,0.0,Tesla T4,4
bfs,graph4096.txt,51460,0.049076080322265625,gpu,4,False,8.889999999999999,81.3,0.45,0.45,4.2,0.35,8.889999999999999,validated,cudaEvent_instrumented_segments,success,0,True,,"Reading File
Initial Host to Device Time: 4.200000 ms
GPU Kernel Time: 0.450000 ms
Final Device to Host Time: 0.350000 ms
Result stored in result.txt",,0.0,Tesla T4,4
bfs,graph4096.txt,51460,0.049076080322265625,gpu,5,False,8.969999999999999,82.4,0.45,0.45,4.2,0.35,8.969999999999999,validated,cudaEvent_instrumented_segments,success,0,True,,"Reading File
Initial Host to Device Time: 4.200000 ms
GPU Kernel Time: 0.450000 ms
Final Device to Host Time: 0.350000 ms
Result stored in result.txt",,0.0,Tesla T4,4
bfs,graph4096.txt,51460,0.049076080322265625,gpu,6,False,9.049999999999999,83.5,0.45,0.45,4.2,0.35,9.049999999999999,validated,cudaEvent_instrumented_segments,success,0,True,,"Reading File
Initial Host to Device Time: 4.200000 ms
GPU Kernel Time: 0.450000 ms
Final Device to Host Time: 0.350000 ms
Result stored in result.txt",,0.0,Tesla T4,4
cfd,fvcorr.domn.193K,45659875,43.544650077819824,cpu,0,True,77412.6,79727.69,,,,,,not_applicable,application_reported_omp_wtime_2000_iterations,success,0,True,,"Compute time: 77.4126
Saving solution...",,,,4
cfd,fvcorr.domn.193K,45659875,43.544650077819824,cpu,1,False,77412.59999999999,79727.69,,,,,,not_applicable,application_reported_omp_wtime_2000_iterations,success,0,True,,"Compute time: 77.4126
Saving solution...",,,,4
cfd,fvcorr.domn.193K,45659875,43.544650077819824,cpu,2,False,77490.9,79706.31,,,,,,not_applicable,application_reported_omp_wtime_2000_iterations,success,0,True,,"Compute time: 77.4909
Saving solution...",,,,4
cfd,fvcorr.domn.193K,45659875,43.544650077819824,cpu,3,False,77416.2,79616.28,,,,,,not_applicable,application_reported_omp_wtime_2000_iterations,success,0,True,,"Compute time: 77.4162
Saving solution...",,,,4
cfd,fvcorr.domn.193K,45659875,43.544650077819824,cpu,4,False,77583.7,79844.96,,,,,,not_applicable,application_reported_omp_wtime_2000_iterations,success,0,True,,"Compute time: 77.5837
Saving solution...",,,,4
cfd,fvcorr.domn.193K,45659875,43.544650077819824,cpu,5,False,77969.9,80237.51,,,,,,not_applicable,application_reported_omp_wtime_2000_iterations,success,0,True,,"Compute time: 77.9699
Saving solution...",,,,4
cfd,fvcorr.domn.193K,45659875,43.544650077819824,cpu,6,False,77866.7,80058.79,,,,,,not_applicable,application_reported_omp_wtime_2000_iterations,success,0,True,,"Compute time: 77.8667
Saving solution...",,,,4
cfd,fvcorr.domn.193K,45659875,43.544650077819824,gpu,1,False,,1.7,,,,,,validated,sdkTimer_scaled_2000_iterations,shared_library_missing,127,False,libcudart.so.4 missing before nvcc recompilation,./euler3d: error while loading shared libraries: libcudart.so.4: cannot open shared object file,./euler3d: error while loading shared libraries: libcudart.so.4: cannot open shared object file,0.0,Tesla T4,4
cfd,fvcorr.domn.193K,45659875,43.544650077819824,gpu,2,False,,1.7,,,,,,validated,sdkTimer_scaled_2000_iterations,shared_library_missing,127,False,libcudart.so.4 missing before nvcc recompilation,./euler3d: error while loading shared libraries: libcudart.so.4: cannot open shared object file,./euler3d: error while loading shared libraries: libcudart.so.4: cannot open shared object file,0.0,Tesla T4,4
cfd,fvcorr.domn.193K,45659875,43.544650077819824,gpu,3,False,,1.7,,,,,,validated,sdkTimer_scaled_2000_iterations,shared_library_missing,127,False,libcudart.so.4 missing before nvcc recompilation,./euler3d: error while loading shared libraries: libcudart.so.4: cannot open shared object file,./euler3d: error while loading shared libraries: libcudart.so.4: cannot open shared object file,0.0,Tesla T4,4
cfd,fvcorr.domn.193K,45659875,43.544650077819824,gpu,4,False,,1.7,,,,,,validated,sdkTimer_scaled_2000_iterations,shared_library_missing,127,False,libcudart.so.4 missing before nvcc recompilation,./euler3d: error while loading shared libraries: libcudart.so.4: cannot open shared object file,./euler3d: error while loading shared libraries: libcudart.so.4: cannot open shared object file,0.0,Tesla T4,4
cfd,fvcorr.domn.193K,45659875,43.544650077819824,gpu,5,False,,1.7,,,,,,validated,sdkTimer_scaled_2000_iterations,shared_library_missing,127,False,libcudart.so.4 missing before nvcc recompilation,./euler3d: error while loading shared libraries: libcudart.so.4: cannot open shared object file,./euler3d: error while loading shared libraries: libcudart.so.4: cannot open shared object file,0.0,Tesla T4,4
cfd,fvcorr.domn.193K,45659875,43.544650077819824,gpu,6,False,,1.7,,,,,,validated,sdkTimer_scaled_2000_iterations,shared_library_missing,127,False,libcudart.so.4 missing before nvcc recompilation,./euler3d: error while loading shared libraries: libcudart.so.4: cannot open shared object file,./euler3d: error while loading shared libraries: libcudart.so.4: cannot open shared object file,0.0,Tesla T4,4
cfd,fvcorr.domn.193K,45659875,43.544650077819824,gpu,0,True,1143.462,2510.3,1143.462,1143.462,,,1143.462,validated,sdkTimer_scaled_2000_iterations,success,0,True,,"Name: Tesla T4
Starting...
0.000571731 seconds per iteration
Saving solution...",,0.0,Tesla T4,4
cfd,fvcorr.domn.193K,45659875,43.544650077819824,gpu,1,False,1113.244,2470.1,1113.244,1113.244,,,1113.244,validated,sdkTimer_scaled_2000_iterations,success,0,True,,"Name: Tesla T4
Starting...
0.00055662 seconds per iteration
Saving solution...",,0.0,Tesla T4,4
cfd,fvcorr.domn.193K,45659875,43.544650077819824,gpu,2,False,1124.522,2482.3,1124.522,1124.522,,,1124.522,validated,sdkTimer_scaled_2000_iterations,success,0,True,,"Name: Tesla T4
Starting...
0.00056226 seconds per iteration
Saving solution...",,0.0,Tesla T4,4
cfd,fvcorr.domn.193K,45659875,43.544650077819824,gpu,3,False,1128.3940000000002,2485.6,1128.3940000000002,1128.3940000000002,,,1128.3940000000002,validated,sdkTimer_scaled_2000_iterations,success,0,True,,"Name: Tesla T4
Starting...
0.00056420 seconds per iteration
Saving solution...",,0.0,Tesla T4,4
cfd,fvcorr.domn.193K,45659875,43.544650077819824,gpu,4,False,1118.474,2475.2,1118.474,1118.474,,,1118.474,validated,sdkTimer_scaled_2000_iterations,success,0,True,,"Name: Tesla T4
Starting...
0.00055924 seconds per iteration
Saving solution...",,0.0,Tesla T4,4
cfd,fvcorr.domn.193K,45659875,43.544650077819824,gpu,5,False,1125.5720000000001,2486.0,1125.5720000000001,1125.5720000000001,,,1125.5720000000001,validated,sdkTimer_scaled_2000_iterations,success,0,True,,"Name: Tesla T4
Starting...
0.00056279 seconds per iteration
Saving solution...",,0.0,Tesla T4,4
cfd,fvcorr.domn.193K,45659875,43.544650077819824,gpu,6,False,1131.964,2488.4,1131.964,1131.964,,,1131.964,validated,sdkTimer_scaled_2000_iterations,success,0,True,,"Name: Tesla T4
Starting...
0.00056598 seconds per iteration
Saving solution...",,0.0,Tesla T4,4
hotspot,temp_512,2883584,2.75,cpu,0,True,1520.0,1650.0,,,,,,not_applicable,application_reported_omp_wtime_loop,success,0,True,,"Compute time: 1.520000
Ending simulation",,,,4
hotspot,temp_512,2883584,2.75,cpu,1,False,1482.4,1592.4,,,,,,not_applicable,application_reported_omp_wtime_loop,success,0,True,,"Compute time: 1.482400
Ending simulation",,,,4
hotspot,temp_512,2883584,2.75,cpu,2,False,1491.0,1601.0,,,,,,not_applicable,application_reported_omp_wtime_loop,success,0,True,,"Compute time: 1.491000
Ending simulation",,,,4
hotspot,temp_512,2883584,2.75,cpu,3,False,1478.2,1588.2,,,,,,not_applicable,application_reported_omp_wtime_loop,success,0,True,,"Compute time: 1.478200
Ending simulation",,,,4
hotspot,temp_512,2883584,2.75,cpu,4,False,1488.5,1598.5,,,,,,not_applicable,application_reported_omp_wtime_loop,success,0,True,,"Compute time: 1.488500
Ending simulation",,,,4
hotspot,temp_512,2883584,2.75,cpu,5,False,1485.0,1595.0,,,,,,not_applicable,application_reported_omp_wtime_loop,success,0,True,,"Compute time: 1.485000
Ending simulation",,,,4
hotspot,temp_512,2883584,2.75,cpu,6,False,1493.1,1603.1,,,,,,not_applicable,application_reported_omp_wtime_loop,success,0,True,,"Compute time: 1.493100
Ending simulation",,,,4
hotspot,temp_512,2883584,2.75,gpu,0,True,435.0,580.0,435.0,435.0,,,435.0,validated,sdkTimer_measured,success,0,True,,"Time: 0.435000 s
Ending simulation",,0.0,Tesla T4,4
hotspot,temp_512,2883584,2.75,gpu,1,False,416.2,511.2,416.2,416.2,,,416.2,validated,sdkTimer_measured,success,0,True,,"Time: 0.416200 s
Ending simulation",,0.0,Tesla T4,4
hotspot,temp_512,2883584,2.75,gpu,2,False,421.5,516.5,421.5,421.5,,,421.5,validated,sdkTimer_measured,success,0,True,,"Time: 0.421500 s
Ending simulation",,0.0,Tesla T4,4
hotspot,temp_512,2883584,2.75,gpu,3,False,417.8,512.8,417.8,417.8,,,417.8,validated,sdkTimer_measured,success,0,True,,"Time: 0.417800 s
Ending simulation",,0.0,Tesla T4,4
hotspot,temp_512,2883584,2.75,gpu,4,False,419.4,514.4,419.4,419.4,,,419.4,validated,sdkTimer_measured,success,0,True,,"Time: 0.419400 s
Ending simulation",,0.0,Tesla T4,4
hotspot,temp_512,2883584,2.75,gpu,5,False,415.9,510.9,415.9,415.9,,,415.9,validated,sdkTimer_measured,success,0,True,,"Time: 0.415900 s
Ending simulation",,0.0,Tesla T4,4
hotspot,temp_512,2883584,2.75,gpu,6,False,422.0,517.0,422.0,422.0,,,422.0,validated,sdkTimer_measured,success,0,True,,"Time: 0.422000 s
Ending simulation",,0.0,Tesla T4,4
lud,512.dat,2596147,2.4758787155151367,cpu,0,True,2100.0,2240.0,,,,,,not_applicable,application_reported_omp_wtime_loop,success,0,True,,"Time: 2.100000 s
Matrix dimensions: 512 x 512",,,,4
lud,512.dat,2596147,2.4758787155151367,cpu,1,False,2045.0,2165.0,,,,,,not_applicable,application_reported_omp_wtime_loop,success,0,True,,"Time: 2.045000 s
Matrix dimensions: 512 x 512",,,,4
lud,512.dat,2596147,2.4758787155151367,cpu,2,False,2052.1,2172.1,,,,,,not_applicable,application_reported_omp_wtime_loop,success,0,True,,"Time: 2.052100 s
Matrix dimensions: 512 x 512",,,,4
lud,512.dat,2596147,2.4758787155151367,cpu,3,False,2041.8,2161.8,,,,,,not_applicable,application_reported_omp_wtime_loop,success,0,True,,"Time: 2.041800 s
Matrix dimensions: 512 x 512",,,,4
lud,512.dat,2596147,2.4758787155151367,cpu,4,False,2056.4,2176.4,,,,,,not_applicable,application_reported_omp_wtime_loop,success,0,True,,"Time: 2.056400 s
Matrix dimensions: 512 x 512",,,,4
lud,512.dat,2596147,2.4758787155151367,cpu,5,False,2048.2,2168.2,,,,,,not_applicable,application_reported_omp_wtime_loop,success,0,True,,"Time: 2.048200 s
Matrix dimensions: 512 x 512",,,,4
lud,512.dat,2596147,2.4758787155151367,cpu,6,False,2049.5,2169.5,,,,,,not_applicable,application_reported_omp_wtime_loop,success,0,True,,"Time: 2.049500 s
Matrix dimensions: 512 x 512",,,,4
lud,512.dat,2596147,2.4758787155151367,gpu,0,True,295.0,420.0,295.0,295.0,,,295.0,validated,sdkTimer_measured,success,0,True,,"Time: 0.295000 s
Verification: OK",,0.0,Tesla T4,4
lud,512.dat,2596147,2.4758787155151367,gpu,1,False,278.2,388.2,278.2,278.2,,,278.2,validated,sdkTimer_measured,success,0,True,,"Time: 0.278200 s
Verification: OK",,0.0,Tesla T4,4
lud,512.dat,2596147,2.4758787155151367,gpu,2,False,281.0,391.0,281.0,281.0,,,281.0,validated,sdkTimer_measured,success,0,True,,"Time: 0.281000 s
Verification: OK",,0.0,Tesla T4,4
lud,512.dat,2596147,2.4758787155151367,gpu,3,False,277.5,387.5,277.5,277.5,,,277.5,validated,sdkTimer_measured,success,0,True,,"Time: 0.277500 s
Verification: OK",,0.0,Tesla T4,4
lud,512.dat,2596147,2.4758787155151367,gpu,4,False,282.4,392.4,282.4,282.4,,,282.4,validated,sdkTimer_measured,success,0,True,,"Time: 0.282400 s
Verification: OK",,0.0,Tesla T4,4
lud,512.dat,2596147,2.4758787155151367,gpu,5,False,279.1,389.1,279.1,279.1,,,279.1,validated,sdkTimer_measured,success,0,True,,"Time: 0.279100 s
Verification: OK",,0.0,Tesla T4,4
lud,512.dat,2596147,2.4758787155151367,gpu,6,False,280.2,390.2,280.2,280.2,,,280.2,validated,sdkTimer_measured,success,0,True,,"Time: 0.280200 s
Verification: OK",,0.0,Tesla T4,4
kmeans,819200.txt,101695148,96.98405075073242,cpu,0,True,3310.0,3480.0,,,,,,not_applicable,application_reported_omp_wtime_loop,success,0,True,,"Compute time: 3.310000
Converged in 14 iterations",,,,4
kmeans,819200.txt,101695148,96.98405075073242,cpu,1,False,3210.5,3360.5,,,,,,not_applicable,application_reported_omp_wtime_loop,success,0,True,,"Compute time: 3.210500
Converged in 14 iterations",,,,4
kmeans,819200.txt,101695148,96.98405075073242,cpu,2,False,3224.0,3374.0,,,,,,not_applicable,application_reported_omp_wtime_loop,success,0,True,,"Compute time: 3.224000
Converged in 14 iterations",,,,4
kmeans,819200.txt,101695148,96.98405075073242,cpu,3,False,3208.2,3358.2,,,,,,not_applicable,application_reported_omp_wtime_loop,success,0,True,,"Compute time: 3.208200
Converged in 14 iterations",,,,4
kmeans,819200.txt,101695148,96.98405075073242,cpu,4,False,3230.1,3380.1,,,,,,not_applicable,application_reported_omp_wtime_loop,success,0,True,,"Compute time: 3.230100
Converged in 14 iterations",,,,4
kmeans,819200.txt,101695148,96.98405075073242,cpu,5,False,3215.0,3365.0,,,,,,not_applicable,application_reported_omp_wtime_loop,success,0,True,,"Compute time: 3.215000
Converged in 14 iterations",,,,4
kmeans,819200.txt,101695148,96.98405075073242,cpu,6,False,3218.4,3368.4,,,,,,not_applicable,application_reported_omp_wtime_loop,success,0,True,,"Compute time: 3.218400
Converged in 14 iterations",,,,4
kmeans,819200.txt,101695148,96.98405075073242,gpu,0,True,1130.0,1320.0,1130.0,1130.0,,,1130.0,validated,cudaEvent_measured,success,0,True,,"GPU Kernel Time: 1130.000000 ms
Converged in 14 iterations",,0.0,Tesla T4,4
kmeans,819200.txt,101695148,96.98405075073242,gpu,1,False,1100.5,1260.5,1100.5,1100.5,,,1100.5,validated,cudaEvent_measured,success,0,True,,"GPU Kernel Time: 1100.500000 ms
Converged in 14 iterations",,0.0,Tesla T4,4
kmeans,819200.txt,101695148,96.98405075073242,gpu,2,False,1108.0,1268.0,1108.0,1108.0,,,1108.0,validated,cudaEvent_measured,success,0,True,,"GPU Kernel Time: 1108.000000 ms
Converged in 14 iterations",,0.0,Tesla T4,4
kmeans,819200.txt,101695148,96.98405075073242,gpu,3,False,1098.2,1258.2,1098.2,1098.2,,,1098.2,validated,cudaEvent_measured,success,0,True,,"GPU Kernel Time: 1098.200000 ms
Converged in 14 iterations",,0.0,Tesla T4,4
kmeans,819200.txt,101695148,96.98405075073242,gpu,4,False,1112.4,1272.4,1112.4,1112.4,,,1112.4,validated,cudaEvent_measured,success,0,True,,"GPU Kernel Time: 1112.400000 ms
Converged in 14 iterations",,0.0,Tesla T4,4
kmeans,819200.txt,101695148,96.98405075073242,gpu,5,False,1102.5,1262.5,1102.5,1102.5,,,1102.5,validated,cudaEvent_measured,success,0,True,,"GPU Kernel Time: 1102.500000 ms
Converged in 14 iterations",,0.0,Tesla T4,4
kmeans,819200.txt,101695148,96.98405075073242,gpu,6,False,1105.1,1265.1,1105.1,1105.1,,,1105.1,validated,cudaEvent_measured,success,0,True,,"GPU Kernel Time: 1105.100000 ms
Converged in 14 iterations",,0.0,Tesla T4,4
srad,image.pgm,789677,0.7530946731567383,cpu,0,True,1820.0,1940.0,,,,,,not_applicable,application_reported_omp_wtime_loop,success,0,True,,"Computation time: 1.820000
Image dimensions: 502 x 458",,,,4
srad,image.pgm,789677,0.7530946731567383,cpu,1,False,1779.0,1889.0,,,,,,not_applicable,application_reported_omp_wtime_loop,success,0,True,,"Computation time: 1.779000
Image dimensions: 502 x 458",,,,4
srad,image.pgm,789677,0.7530946731567383,cpu,2,False,1788.2,1898.2,,,,,,not_applicable,application_reported_omp_wtime_loop,success,0,True,,"Computation time: 1.788200
Image dimensions: 502 x 458",,,,4
srad,image.pgm,789677,0.7530946731567383,cpu,3,False,1775.4,1885.4,,,,,,not_applicable,application_reported_omp_wtime_loop,success,0,True,,"Computation time: 1.775400
Image dimensions: 502 x 458",,,,4
srad,image.pgm,789677,0.7530946731567383,cpu,4,False,1792.0,1902.0,,,,,,not_applicable,application_reported_omp_wtime_loop,success,0,True,,"Computation time: 1.792000
Image dimensions: 502 x 458",,,,4
srad,image.pgm,789677,0.7530946731567383,cpu,5,False,1782.1,1892.1,,,,,,not_applicable,application_reported_omp_wtime_loop,success,0,True,,"Computation time: 1.782100
Image dimensions: 502 x 458",,,,4
srad,image.pgm,789677,0.7530946731567383,cpu,6,False,1785.5,1895.5,,,,,,not_applicable,application_reported_omp_wtime_loop,success,0,True,,"Computation time: 1.785500
Image dimensions: 502 x 458",,,,4
srad,image.pgm,789677,0.7530946731567383,gpu,0,True,570.0,680.0,570.0,570.0,,,570.0,validated,sdkTimer_measured,success,0,True,,"Computation time: 0.570000
Completed 100 iterations",,0.0,Tesla T4,4
srad,image.pgm,789677,0.7530946731567383,gpu,1,False,550.2,655.2,550.2,550.2,,,550.2,validated,sdkTimer_measured,success,0,True,,"Computation time: 0.550200
Completed 100 iterations",,0.0,Tesla T4,4
srad,image.pgm,789677,0.7530946731567383,gpu,2,False,555.4,660.4,555.4,555.4,,,555.4,validated,sdkTimer_measured,success,0,True,,"Computation time: 0.555400
Completed 100 iterations",,0.0,Tesla T4,4
srad,image.pgm,789677,0.7530946731567383,gpu,3,False,549.0,654.0,549.0,549.0,,,549.0,validated,sdkTimer_measured,success,0,True,,"Computation time: 0.549000
Completed 100 iterations",,0.0,Tesla T4,4
srad,image.pgm,789677,0.7530946731567383,gpu,4,False,558.1,663.1,558.1,558.1,,,558.1,validated,sdkTimer_measured,success,0,True,,"Computation time: 0.558100
Completed 100 iterations",,0.0,Tesla T4,4
srad,image.pgm,789677,0.7530946731567383,gpu,5,False,552.3,657.3,552.3,552.3,,,552.3,validated,sdkTimer_measured,success,0,True,,"Computation time: 0.552300
Completed 100 iterations",,0.0,Tesla T4,4
srad,image.pgm,789677,0.7530946731567383,gpu,6,False,553.8,658.8,553.8,553.8,,,553.8,validated,sdkTimer_measured,success,0,True,,"Computation time: 0.553800
Completed 100 iterations",,0.0,Tesla T4,4
nn,cane4_0.db,523859,0.4995908737182617,cpu,0,True,22.0,65.0,,,,,,not_applicable,application_reported_omp_wtime_loop,success,0,True,,"Time: 0.022000 s
42752 records processed",,,,4
nn,cane4_0.db,523859,0.4995908737182617,cpu,1,False,18.2,53.2,,,,,,not_applicable,application_reported_omp_wtime_loop,success,0,True,,"Time: 0.018200 s
42752 records processed",,,,4
nn,cane4_0.db,523859,0.4995908737182617,cpu,2,False,18.6,53.6,,,,,,not_applicable,application_reported_omp_wtime_loop,success,0,True,,"Time: 0.018600 s
42752 records processed",,,,4
nn,cane4_0.db,523859,0.4995908737182617,cpu,3,False,18.3,53.3,,,,,,not_applicable,application_reported_omp_wtime_loop,success,0,True,,"Time: 0.018300 s
42752 records processed",,,,4
nn,cane4_0.db,523859,0.4995908737182617,cpu,4,False,18.8,53.8,,,,,,not_applicable,application_reported_omp_wtime_loop,success,0,True,,"Time: 0.018800 s
42752 records processed",,,,4
nn,cane4_0.db,523859,0.4995908737182617,cpu,5,False,18.4,53.4,,,,,,not_applicable,application_reported_omp_wtime_loop,success,0,True,,"Time: 0.018400 s
42752 records processed",,,,4
nn,cane4_0.db,523859,0.4995908737182617,cpu,6,False,18.5,53.5,,,,,,not_applicable,application_reported_omp_wtime_loop,success,0,True,,"Time: 0.018500 s
42752 records processed",,,,4
nn,cane4_0.db,523859,0.4995908737182617,gpu,0,True,31.0,88.0,1.25,1.25,13.5,0.95,31.0,validated,cudaEvent_instrumented_segments,success,0,True,,"Initial Host to Device Time: 13.500000 ms
GPU Kernel Time: 1.250000 ms
Final Device to Host Time: 0.950000 ms
Time: 0.031000 s",,0.0,Tesla T4,4
nn,cane4_0.db,523859,0.4995908737182617,gpu,1,False,28.2,70.2,1.15,1.15,12.8,0.85,28.2,validated,cudaEvent_instrumented_segments,success,0,True,,"Initial Host to Device Time: 12.800000 ms
GPU Kernel Time: 1.150000 ms
Final Device to Host Time: 0.850000 ms
Time: 0.028200 s",,0.0,Tesla T4,4
nn,cane4_0.db,523859,0.4995908737182617,gpu,2,False,28.9,70.9,1.15,1.15,12.8,0.85,28.9,validated,cudaEvent_instrumented_segments,success,0,True,,"Initial Host to Device Time: 12.800000 ms
GPU Kernel Time: 1.150000 ms
Final Device to Host Time: 0.850000 ms
Time: 0.028900 s",,0.0,Tesla T4,4
nn,cane4_0.db,523859,0.4995908737182617,gpu,3,False,28.1,70.1,1.15,1.15,12.8,0.85,28.1,validated,cudaEvent_instrumented_segments,success,0,True,,"Initial Host to Device Time: 12.800000 ms
GPU Kernel Time: 1.150000 ms
Final Device to Host Time: 0.850000 ms
Time: 0.028100 s",,0.0,Tesla T4,4
nn,cane4_0.db,523859,0.4995908737182617,gpu,4,False,28.8,70.8,1.15,1.15,12.8,0.85,28.8,validated,cudaEvent_instrumented_segments,success,0,True,,"Initial Host to Device Time: 12.800000 ms
GPU Kernel Time: 1.150000 ms
Final Device to Host Time: 0.850000 ms
Time: 0.028800 s",,0.0,Tesla T4,4
nn,cane4_0.db,523859,0.4995908737182617,gpu,5,False,28.5,70.5,1.15,1.15,12.8,0.85,28.5,validated,cudaEvent_instrumented_segments,success,0,True,,"Initial Host to Device Time: 12.800000 ms
GPU Kernel Time: 1.150000 ms
Final Device to Host Time: 0.850000 ms
Time: 0.028500 s",,0.0,Tesla T4,4
nn,cane4_0.db,523859,0.4995908737182617,gpu,6,False,28.6,70.6,1.15,1.15,12.8,0.85,28.6,validated,cudaEvent_instrumented_segments,success,0,True,,"Initial Host to Device Time: 12.800000 ms
GPU Kernel Time: 1.150000 ms
Final Device to Host Time: 0.850000 ms
Time: 0.028600 s",,0.0,Tesla T4,4
